-- Initial agentlink scaffold migration.
-- Generated by cli/scripts/regen-baseline-migration.ts via pg-delta plan.
-- DO NOT HAND-EDIT — regenerate by running:
--   npx tsx cli/scripts/regen-baseline-migration.ts --from <scaffold-project-dir>
-- after changing anything under cli/src/template/supabase/schemas/.

-- Defer function-body validation for this migration. pg-delta orders
-- functions ahead of the tables their bodies reference (SQL function
-- bodies aren't tracked as catalog dependencies), so body-checking
-- must be off or e.g. _auth_has_role (references public.roles) fails
-- with "relation public.roles does not exist". Scoped to this
-- migration's transaction.
SET check_function_bodies = false;
CREATE FUNCTION api._admin_enqueue_task (
  function_name text,
  payload       jsonb   DEFAULT '{}'::jsonb,
  delay_seconds integer DEFAULT 0
)
  RETURNS bigint
  LANGUAGE plpgsql
  SECURITY DEFINER
  SET search_path TO ''
  AS $function$
DECLARE
  msg_id bigint;
BEGIN
  SELECT pgmq.send(
    'agentlink_tasks',
    jsonb_build_object(
      'function_name', function_name,
      'payload', payload
    ),
    delay_seconds
  ) INTO msg_id;

  -- Fire the queue worker via pg_net (fire-and-forget)
  PERFORM public._internal_admin_call_edge_function('internal-queue-worker');

  RETURN msg_id;
END;
$function$;

REVOKE ALL ON FUNCTION api._admin_enqueue_task(text, jsonb, integer) FROM authenticated;

CREATE FUNCTION api._admin_queue_archive (
  id bigint
)
  RETURNS boolean
  LANGUAGE sql
  SECURITY DEFINER
  SET search_path TO ''
  AS $function$
  SELECT pgmq.archive('agentlink_tasks', id);
$function$;

REVOKE ALL ON FUNCTION api._admin_queue_archive(bigint) FROM authenticated;

CREATE FUNCTION api._admin_queue_delete (
  id bigint
)
  RETURNS boolean
  LANGUAGE sql
  SECURITY DEFINER
  SET search_path TO ''
  AS $function$
  SELECT pgmq.delete('agentlink_tasks', id);
$function$;

REVOKE ALL ON FUNCTION api._admin_queue_delete(bigint) FROM authenticated;

CREATE FUNCTION api._admin_queue_read (
  qty integer DEFAULT 5,
  vt  integer DEFAULT 30
)
  RETURNS TABLE (
    msg_id      bigint,
    read_ct     integer,
    enqueued_at timestamp with time zone,
    vt          timestamp with time zone,
    message     jsonb
  )
  LANGUAGE sql
  SECURITY DEFINER
  SET search_path TO ''
  AS $function$
  SELECT msg_id, read_ct, enqueued_at, vt, message FROM pgmq.read('agentlink_tasks', vt, qty);
$function$;

REVOKE ALL ON FUNCTION api._admin_queue_read(integer, integer) FROM authenticated;

CREATE FUNCTION api.invitation_accept (
  p_token uuid
)
  RETURNS jsonb
  LANGUAGE plpgsql
  SET search_path TO ''
  AS $function$
DECLARE
  v_user_id uuid := (SELECT auth.uid());
  v_result  jsonb;
BEGIN
  IF v_user_id IS NULL THEN
    RAISE EXCEPTION 'Not authenticated';
  END IF;

  v_result := public._internal_admin_complete_invitation(v_user_id, p_token);

  -- Pin to this session — the user almost always wants to start working in the
  -- tenant they just accepted into. They can switch later with tenant_select.
  -- Skip when there's no session_id (service-role / admin-API context); the
  -- hook's "oldest membership" fallback resolves the tenant on next mint.
  IF NULLIF(auth.jwt()->>'session_id', '') IS NOT NULL THEN
    PERFORM public._internal_admin_set_session_tenant(
      v_user_id,
      (v_result->>'id')::uuid,
      v_result->>'role'
    );
  END IF;

  RETURN v_result;
END;
$function$;

CREATE FUNCTION api.invitation_create (
  p_email text,
  p_role  text DEFAULT 'member'::text
)
  RETURNS jsonb
  LANGUAGE plpgsql
  SET search_path TO ''
  AS $function$
DECLARE
  v_user_id uuid := (SELECT auth.uid());
  v_tenant_id uuid := public._auth_tenant_id();
BEGIN
  IF v_user_id IS NULL THEN
    RAISE EXCEPTION 'Not authenticated';
  END IF;

  IF v_tenant_id IS NULL THEN
    RAISE EXCEPTION 'No tenant selected';
  END IF;

  -- Primary permission gate (403 if denied). The DEFINER helper below ALSO
  -- re-checks role_permissions from the memberships row — kept deliberately:
  -- it's DB-authoritative (defends stale JWTs + direct helper calls), where
  -- this guard is the fast JWT-only, user-facing check.
  PERFORM public.auth_verify_access('invitation.create');

  RETURN public._internal_admin_create_invitation(v_user_id, v_tenant_id, p_email, p_role);
END;
$function$;

CREATE FUNCTION api.invitation_list()
  RETURNS jsonb
  LANGUAGE plpgsql
  SET search_path TO ''
  AS $function$
DECLARE
  v_tenant_id uuid := public._auth_tenant_id();
  v_result jsonb;
BEGIN
  IF v_tenant_id IS NULL THEN
    RAISE EXCEPTION 'No tenant selected';
  END IF;

  -- Primary permission gate (same permission that gates creating invitations).
  PERFORM public.auth_verify_access('invitation.create');

  SELECT COALESCE(jsonb_agg(jsonb_build_object(
    'id', i.id,
    'email', i.email,
    'role', i.role,
    'invited_by', i.invited_by,
    'expires_at', i.expires_at,
    'created_at', i.created_at
  ) ORDER BY i.created_at DESC), '[]'::jsonb)
  INTO v_result
  FROM public.invitations i
  WHERE i.tenant_id = v_tenant_id
    AND i.accepted_at IS NULL
    AND i.expires_at > now();

  RETURN v_result;
END;
$function$;

CREATE FUNCTION api.invitation_preview (
  p_token uuid
)
  RETURNS jsonb
  LANGUAGE plpgsql
  SECURITY DEFINER
  SET search_path TO ''
  AS $function$
DECLARE
  v_inv record;
  v_inviter_name text;
BEGIN
  SELECT
    i.email,
    i.role,
    i.invited_by,
    i.accepted_at,
    i.expires_at,
    i.tenant_id,
    t.name AS tenant_name,
    t.slug AS tenant_slug
  INTO v_inv
  FROM public.invitations i
  JOIN public.tenants t ON t.id = i.tenant_id
  WHERE i.token = p_token;

  IF NOT FOUND THEN
    RETURN jsonb_build_object('valid', false, 'reason', 'not_found');
  END IF;

  IF v_inv.accepted_at IS NOT NULL THEN
    -- Surface tenant_name/slug so the "already accepted" screen can
    -- offer a "Continue to <workspace>" CTA instead of a dead end.
    RETURN jsonb_build_object(
      'valid', false,
      'reason', 'accepted',
      'tenant_name', v_inv.tenant_name,
      'tenant_slug', v_inv.tenant_slug
    );
  END IF;

  IF v_inv.expires_at <= now() THEN
    RETURN jsonb_build_object(
      'valid', false,
      'reason', 'expired',
      'tenant_name', v_inv.tenant_name
    );
  END IF;

  -- Inviter's display name — graceful when the profile is missing
  -- (can happen if the inviter's profile row was deleted).
  SELECT display_name INTO v_inviter_name
  FROM public.profiles
  WHERE id = v_inv.invited_by;

  RETURN jsonb_build_object(
    'valid', true,
    'tenant_name', v_inv.tenant_name,
    'tenant_slug', v_inv.tenant_slug,
    'role', v_inv.role,
    'invited_email', v_inv.email,
    'invited_by_name', v_inviter_name,
    'expires_at', v_inv.expires_at
  );
END;
$function$;

GRANT ALL ON FUNCTION api.invitation_preview(uuid) TO anon;

CREATE FUNCTION api.invitation_resend (
  p_invitation_id uuid
)
  RETURNS jsonb
  LANGUAGE plpgsql
  SET search_path TO ''
  AS $function$
DECLARE
  v_user_id uuid := (SELECT auth.uid());
  v_tenant_id uuid := public._auth_tenant_id();
BEGIN
  IF v_user_id IS NULL THEN
    RAISE EXCEPTION 'Not authenticated';
  END IF;

  IF v_tenant_id IS NULL THEN
    RAISE EXCEPTION 'No tenant selected';
  END IF;

  -- Primary permission gate (same permission that gates creating invitations).
  PERFORM public.auth_verify_access('invitation.create');

  -- Then confirm the invitation exists in the active tenant before delegating
  -- to the DEFINER helper (which re-checks role_permissions independently).
  IF NOT EXISTS (
    SELECT 1 FROM public.invitations
    WHERE id = p_invitation_id
      AND tenant_id = v_tenant_id
      AND accepted_at IS NULL
      AND expires_at > now()
  ) THEN
    RAISE EXCEPTION 'Invitation not found or not permitted';
  END IF;

  RETURN public._internal_admin_resend_invitation(v_user_id, p_invitation_id);
END;
$function$;

CREATE FUNCTION api.invitation_revoke (
  p_invitation_id uuid
)
  RETURNS jsonb
  LANGUAGE plpgsql
  SET search_path TO ''
  AS $function$
DECLARE
  v_user_id uuid := (SELECT auth.uid());
BEGIN
  IF v_user_id IS NULL THEN
    RAISE EXCEPTION 'Not authenticated';
  END IF;

  -- Primary permission gate (403 if denied).
  PERFORM public.auth_verify_access('invitation.delete');

  -- Explicit tenant scope (the isolation RLS policy is the backstop).
  DELETE FROM public.invitations
  WHERE id = p_invitation_id
    AND tenant_id = (SELECT public._auth_tenant_id());

  IF NOT FOUND THEN
    -- Either the row doesn't exist or it's outside the active tenant.
    RAISE EXCEPTION 'Invitation not found or not permitted';
  END IF;

  RETURN jsonb_build_object('id', p_invitation_id);
END;
$function$;

CREATE FUNCTION api.membership_list()
  RETURNS jsonb
  LANGUAGE plpgsql
  SET search_path TO ''
  AS $function$
DECLARE
  v_tenant_id uuid := public._auth_tenant_id();
  v_result jsonb;
BEGIN
  IF v_tenant_id IS NULL THEN
    RAISE EXCEPTION 'No tenant selected';
  END IF;

  -- Primary permission gate: a caller without membership.read gets a clear
  -- 403 rather than a silent empty array. The WHERE below scopes to the
  -- active tenant; the memberships isolation RLS policy is the backstop.
  PERFORM public.auth_verify_access('membership.read');

  SELECT COALESCE(jsonb_agg(jsonb_build_object(
    'id', m.id,
    'user_id', m.user_id,
    'role', m.role,
    'email', p.email,
    'display_name', p.display_name,
    'avatar_url', p.avatar_url,
    'created_at', m.created_at
  )), '[]'::jsonb)
  INTO v_result
  FROM public.memberships m
  LEFT JOIN public.profiles p ON p.id = m.user_id
  WHERE m.tenant_id = v_tenant_id;

  RETURN v_result;
END;
$function$;

CREATE FUNCTION api.membership_remove (
  p_membership_id uuid
)
  RETURNS jsonb
  LANGUAGE plpgsql
  SET search_path TO ''
  AS $function$
DECLARE
  v_user_id uuid := (SELECT auth.uid());
BEGIN
  IF v_user_id IS NULL THEN
    RAISE EXCEPTION 'Not authenticated';
  END IF;

  -- Primary permission gate (403 if denied).
  PERFORM public.auth_verify_access('membership.delete');

  -- Explicit tenant scope + no self-removal (the memberships isolation RLS
  -- policy enforces both as the backstop).
  DELETE FROM public.memberships
  WHERE id = p_membership_id
    AND tenant_id = (SELECT public._auth_tenant_id())
    AND user_id != v_user_id;

  IF NOT FOUND THEN
    RAISE EXCEPTION 'Membership not found or not permitted';
  END IF;

  RETURN jsonb_build_object('id', p_membership_id);
END;
$function$;

CREATE FUNCTION api.membership_update_role (
  p_membership_id uuid,
  p_role          text
)
  RETURNS jsonb
  LANGUAGE plpgsql
  SET search_path TO ''
  AS $function$
DECLARE
  v_user_id uuid := (SELECT auth.uid());
  v_role_invitable boolean;
BEGIN
  IF v_user_id IS NULL THEN
    RAISE EXCEPTION 'Not authenticated';
  END IF;

  -- Primary permission gate (403 if denied).
  PERFORM public.auth_verify_access('membership.update');

  -- Owner is never assignable; matches the invitations CHECK constraint.
  IF p_role = 'owner' THEN
    RAISE EXCEPTION 'Role owner cannot be assigned';
  END IF;

  -- Validate the role exists and is invitable (mirrors invitation_create's check).
  SELECT invitable INTO v_role_invitable FROM public.roles WHERE name = p_role;
  IF v_role_invitable IS NULL THEN
    RAISE EXCEPTION 'Unknown role: %', p_role;
  ELSIF NOT v_role_invitable THEN
    RAISE EXCEPTION 'Role % cannot be assigned', p_role;
  END IF;

  -- Explicit tenant scope + no self-promotion (the memberships isolation RLS
  -- policy enforces both as the backstop).
  UPDATE public.memberships
  SET role = p_role
  WHERE id = p_membership_id
    AND tenant_id = (SELECT public._auth_tenant_id())
    AND user_id != v_user_id;

  IF NOT FOUND THEN
    RAISE EXCEPTION 'Membership not found or not permitted';
  END IF;

  RETURN jsonb_build_object('id', p_membership_id, 'role', p_role);
END;
$function$;

CREATE FUNCTION api.profile_get()
  RETURNS jsonb
  LANGUAGE plpgsql
  SET search_path TO ''
  AS $function$
DECLARE
  v_result JSONB;
BEGIN
  SELECT INTO v_result jsonb_build_object(
    'id', p.id,
    'email', p.email,
    'display_name', p.display_name,
    'avatar_url', p.avatar_url,
    'created_at', p.created_at
  )
  FROM public.profiles p
  WHERE p.id = (SELECT auth.uid());

  RETURN v_result;
END;
$function$;

CREATE FUNCTION api.profile_update (
  p_display_name text DEFAULT NULL::text,
  p_avatar_url   text DEFAULT NULL::text
)
  RETURNS jsonb
  LANGUAGE plpgsql
  SET search_path TO ''
  AS $function$
DECLARE
  v_result JSONB;
BEGIN
  UPDATE public.profiles SET
    display_name = COALESCE(p_display_name, display_name),
    avatar_url = COALESCE(p_avatar_url, avatar_url)
  WHERE id = (SELECT auth.uid());

  SELECT INTO v_result api.profile_get();
  RETURN v_result;
END;
$function$;

CREATE FUNCTION api.tenant_create (
  p_name text,
  p_slug text
)
  RETURNS jsonb
  LANGUAGE plpgsql
  SET search_path TO ''
  AS $function$
DECLARE
  v_user_id   uuid := (SELECT auth.uid());
  v_tenant_id uuid;
BEGIN
  IF v_user_id IS NULL THEN
    RAISE EXCEPTION 'Not authenticated';
  END IF;

  v_tenant_id := public._internal_admin_create_tenant(v_user_id, p_name, p_slug);

  -- Pin to this session so the next refresh starts in the new tenant. Skip
  -- when the caller has no session_id (rare — service-role calls or
  -- admin-API mints); the hook's "oldest membership" fallback resolves the
  -- tenant on next JWT mint anyway. The DEFINER helper reads session_id
  -- from auth.jwt() — never accepts it as a parameter — so this guard is
  -- only here to skip the call cleanly when there's no session at all.
  IF NULLIF(auth.jwt()->>'session_id', '') IS NOT NULL THEN
    PERFORM public._internal_admin_set_session_tenant(v_user_id, v_tenant_id, 'owner');
  END IF;

  RETURN jsonb_build_object(
    'id', v_tenant_id,
    'name', p_name,
    'slug', p_slug,
    'role', 'owner'
  );
END;
$function$;

CREATE FUNCTION api.tenant_list()
  RETURNS jsonb
  LANGUAGE plpgsql
  SET search_path TO ''
  AS $function$
DECLARE
  v_result jsonb;
BEGIN
  SELECT COALESCE(jsonb_agg(jsonb_build_object(
    'id', t.id,
    'name', t.name,
    'slug', t.slug,
    'role', m.role
  )), '[]'::jsonb)
  INTO v_result
  FROM public.memberships m
  JOIN public.tenants t ON t.id = m.tenant_id
  WHERE m.user_id = (SELECT auth.uid());

  RETURN v_result;
END;
$function$;

CREATE FUNCTION api.tenant_select (
  p_tenant_id uuid
)
  RETURNS jsonb
  LANGUAGE plpgsql
  SET search_path TO ''
  AS $function$
DECLARE
  v_user_id uuid := (SELECT auth.uid());
  v_role    text;
  v_tenant  record;
BEGIN
  IF v_user_id IS NULL THEN
    RAISE EXCEPTION 'Not authenticated';
  END IF;

  -- Reads memberships for the calling user. Works under RLS thanks to the
  -- users_read_own_memberships policy added in multitenancy.sql.
  SELECT role INTO v_role
  FROM public.memberships
  WHERE tenant_id = p_tenant_id AND user_id = v_user_id;

  IF NOT FOUND THEN
    RAISE EXCEPTION 'Not a member of this tenant';
  END IF;

  -- Members can read their tenant via members_read_own_tenant policy.
  SELECT * INTO v_tenant
  FROM public.tenants
  WHERE id = p_tenant_id;

  -- The DEFINER helper reads session_id from auth.jwt() itself — never trusts
  -- a session_id passed by the caller.
  PERFORM public._internal_admin_set_session_tenant(v_user_id, p_tenant_id, v_role);

  RETURN jsonb_build_object(
    'id', v_tenant.id,
    'name', v_tenant.name,
    'slug', v_tenant.slug,
    'role', v_role
  );
END;
$function$;

CREATE FUNCTION public._auth_has_permission (
  p_permission text
)
  RETURNS boolean
  LANGUAGE sql
  STABLE
  SET search_path TO ''
  AS $function$
  SELECT COALESCE(
    (auth.jwt()->'app_metadata'->'permissions') ? p_permission,
    false
  );
$function$;

CREATE FUNCTION public._auth_has_role (
  p_minimum_role text
)
  RETURNS boolean
  LANGUAGE sql
  STABLE
  SET search_path TO ''
  AS $function$
  SELECT COALESCE(
    (SELECT rank FROM public.roles WHERE name = public._auth_tenant_role())
      >=
    (SELECT rank FROM public.roles WHERE name = p_minimum_role),
    false
  );
$function$;

CREATE FUNCTION public._auth_is_tenant_member (
  p_tenant_id uuid
)
  RETURNS boolean
  LANGUAGE sql
  STABLE
  SECURITY DEFINER
  SET search_path TO ''
  AS $function$
  SELECT EXISTS (
    SELECT 1 FROM public.memberships
    WHERE tenant_id = p_tenant_id
      AND user_id = (SELECT auth.uid())
  );
$function$;

CREATE FUNCTION public._auth_tenant_id()
  RETURNS uuid
  LANGUAGE sql
  STABLE
  SET search_path TO ''
  AS $function$
  SELECT ((auth.jwt()->'app_metadata'->>'tenant_id')::uuid);
$function$;

CREATE FUNCTION public._auth_tenant_role()
  RETURNS text
  LANGUAGE sql
  STABLE
  SET search_path TO ''
  AS $function$
  SELECT (auth.jwt()->'app_metadata'->>'tenant_role');
$function$;

CREATE FUNCTION public._hook_before_user_created (
  event jsonb
)
  RETURNS jsonb
  LANGUAGE plpgsql
  SECURITY DEFINER
  SET search_path TO ''
  AS $function$
DECLARE
  allowed_domains text;
  user_email text;
  user_domain text;
  domain text;
  domains text[];
BEGIN
  allowed_domains := public._internal_admin_get_secret('ALLOWED_SIGNUP_DOMAINS');

  -- No restriction configured → allow all signups
  IF allowed_domains IS NULL OR trim(allowed_domains) = '' THEN
    RETURN event;
  END IF;

  user_email := event->'user'->>'email';
  IF user_email IS NULL OR user_email = '' THEN
    RETURN jsonb_build_object(
      'error', jsonb_build_object(
        'http_code', 400,
        'message', 'Email is required for signup.'
      )
    );
  END IF;

  user_domain := lower(split_part(user_email, '@', 2));
  domains := string_to_array(allowed_domains, ',');

  FOREACH domain IN ARRAY domains LOOP
    IF lower(trim(domain)) = user_domain THEN
      RETURN event;
    END IF;
  END LOOP;

  RETURN jsonb_build_object(
    'error', jsonb_build_object(
      'http_code', 403,
      'message', 'Signups are restricted to authorized domains.'
    )
  );
END;
$function$;

REVOKE ALL ON FUNCTION public._hook_before_user_created(jsonb) FROM anon;

REVOKE ALL ON FUNCTION public._hook_before_user_created(jsonb) FROM authenticated;

GRANT ALL ON FUNCTION public._hook_before_user_created(jsonb) TO supabase_auth_admin;

CREATE FUNCTION public._hook_custom_access_token (
  event jsonb
)
  RETURNS jsonb
  LANGUAGE plpgsql
  STABLE
  SECURITY DEFINER
  SET search_path TO ''
  AS $function$
DECLARE
  v_user_id          uuid;
  v_session_id       uuid;
  v_original_claims  jsonb := COALESCE(event->'claims', '{}'::jsonb);
  v_new_claims       jsonb := '{}'::jsonb;
  v_app_meta         jsonb := COALESCE(v_original_claims->'app_metadata', '{}'::jsonb);
  v_tenant_id        uuid;
  v_tenant_role      text;
  v_permissions      text[];
  v_claim            text;
BEGIN
  -- Safe parse: malformed/missing UUIDs collapse to NULL instead of erroring
  -- the whole function and dropping the JWT mint. event->>... returns NULL
  -- when the key is missing; ::uuid on a non-UUID text would raise — guard
  -- with a regex first. We could rely on Supabase always sending a valid
  -- UUID, but the cost of being defensive here is one regexp_match per mint.
  IF (event->>'user_id') ~* '^[0-9a-f]{8}-[0-9a-f]{4}-[0-9a-f]{4}-[0-9a-f]{4}-[0-9a-f]{12}$' THEN
    v_user_id := (event->>'user_id')::uuid;
  END IF;
  IF (v_original_claims->>'session_id') ~* '^[0-9a-f]{8}-[0-9a-f]{4}-[0-9a-f]{4}-[0-9a-f]{4}-[0-9a-f]{12}$' THEN
    v_session_id := (v_original_claims->>'session_id')::uuid;
  END IF;

  -- Build new_claims by copying ONLY the claims Supabase Auth's validator
  -- recognises. Matches the canonical "Custom Access Token Hook" example
  -- shape from the Supabase docs and is forward-compatible: anything else
  -- in the event we don't know about is silently dropped, which is the
  -- safe default (the validator rejects outputs containing claims it
  -- doesn't expect, which manifests as the JWT mint silently falling back
  -- to the original unmodified claims — a confusing failure mode).
  --   Required claims (validator errors if missing):
  --     iss, aud, exp, iat, sub, role, aal, session_id, email, phone, is_anonymous
  --   Optional claims worth preserving:
  --     user_metadata, amr, jti, nbf, client_id
  --   app_metadata is set explicitly below.
  FOREACH v_claim IN ARRAY ARRAY[
    'iss', 'aud', 'exp', 'iat', 'sub', 'role', 'aal',
    'session_id', 'email', 'phone', 'is_anonymous',
    'user_metadata', 'amr', 'jti', 'nbf', 'client_id'
  ] LOOP
    IF v_original_claims ? v_claim THEN
      v_new_claims := jsonb_set(v_new_claims, ARRAY[v_claim], v_original_claims->v_claim);
    END IF;
  END LOOP;

  -- Pass 1: per-session pin. user_id predicate is defense in depth — the
  -- only writer (api.tenant_select via _internal_admin_set_session_tenant)
  -- already enforces user_id = auth.uid(), but matching it here too means a
  -- session_tenants row with a wrong user_id (e.g. left over after sign-out
  -- + sign-in reuses a recycled session_id) won't inject the wrong tenant.
  IF v_session_id IS NOT NULL AND v_user_id IS NOT NULL THEN
    SELECT tenant_id, tenant_role
      INTO v_tenant_id, v_tenant_role
    FROM public.session_tenants
    WHERE session_id = v_session_id
      AND user_id    = v_user_id;
  END IF;

  -- Pass 2: fallback to oldest membership (single-tenant zero-touch).
  -- Hot path on every JWT mint when no pin is set — relies on the
  -- composite index idx_memberships_user_id_created_at to stop at row 1
  -- without a separate sort.
  IF v_tenant_id IS NULL AND v_user_id IS NOT NULL THEN
    SELECT tenant_id, role
      INTO v_tenant_id, v_tenant_role
    FROM public.memberships
    WHERE user_id = v_user_id
    ORDER BY created_at ASC
    LIMIT 1;
  END IF;

  -- Strip stale tenant claims that may have been in the original
  -- app_metadata, then add fresh ones if a tenant resolved. This matters
  -- because we preserve other app_metadata keys the application may have
  -- set (e.g. provider data) — we just want OUR three keys to be the
  -- authoritative source from the resolution above, not whatever was
  -- baked in previously.
  v_app_meta := v_app_meta - 'tenant_id' - 'tenant_role' - 'permissions';

  IF v_tenant_id IS NOT NULL THEN
    SELECT array_agg(permission_name)
      INTO v_permissions
    FROM public.role_permissions
    WHERE role_name = v_tenant_role;

    v_app_meta := v_app_meta || jsonb_build_object(
      'tenant_id',   v_tenant_id::text,
      'tenant_role', v_tenant_role,
      'permissions', COALESCE(to_jsonb(v_permissions), '[]'::jsonb)
    );
  END IF;

  v_new_claims := jsonb_set(v_new_claims, '{app_metadata}', v_app_meta);

  RETURN jsonb_build_object('claims', v_new_claims);
END;
$function$;

REVOKE ALL ON FUNCTION public._hook_custom_access_token(jsonb) FROM anon;

REVOKE ALL ON FUNCTION public._hook_custom_access_token(jsonb) FROM authenticated;

GRANT ALL ON FUNCTION public._hook_custom_access_token(jsonb) TO supabase_auth_admin;

CREATE FUNCTION public._hook_send_email (
  event jsonb
)
  RETURNS jsonb
  LANGUAGE plpgsql
  SECURITY DEFINER
  SET search_path TO ''
  AS $function$
BEGIN
  PERFORM api._admin_enqueue_task(
    'internal-send-auth-email',
    event
  );
  RETURN event;
END;
$function$;

REVOKE ALL ON FUNCTION public._hook_send_email(jsonb) FROM anon;

REVOKE ALL ON FUNCTION public._hook_send_email(jsonb) FROM authenticated;

GRANT ALL ON FUNCTION public._hook_send_email(jsonb) TO supabase_auth_admin;

CREATE FUNCTION public._internal_admin_call_edge_function (
  function_name text,
  payload       jsonb DEFAULT '{}'::jsonb
)
  RETURNS bigint
  LANGUAGE plpgsql
  SECURITY DEFINER
  SET search_path TO ''
  AS $function$
DECLARE
  supabase_url text;
  service_key text;
  request_id bigint;
  full_url text;
BEGIN
  supabase_url := public._internal_admin_get_secret('SUPABASE_URL');
  service_key := public._internal_admin_get_secret('SUPABASE_SECRET_KEY');

  IF supabase_url IS NULL THEN
    RAISE EXCEPTION 'SUPABASE_URL secret not found in Vault';
  END IF;

  IF service_key IS NULL THEN
    RAISE EXCEPTION 'SUPABASE_SECRET_KEY secret not found in Vault';
  END IF;

  full_url := supabase_url || '/functions/v1/' || function_name;

  SELECT net.http_post(
    url := full_url,
    headers := jsonb_build_object(
      'Content-Type', 'application/json',
      'apikey', service_key
    ),
    body := payload
  ) INTO request_id;

  RETURN request_id;
END;
$function$;

REVOKE ALL ON FUNCTION public._internal_admin_call_edge_function(text, jsonb) FROM anon;

REVOKE ALL ON FUNCTION public._internal_admin_call_edge_function(text, jsonb) FROM authenticated;

CREATE FUNCTION public._internal_admin_complete_invitation (
  p_user_id uuid,
  p_token   uuid
)
  RETURNS jsonb
  LANGUAGE plpgsql
  SECURITY DEFINER
  SET search_path TO ''
  AS $function$
DECLARE
  v_invitation record;
  v_tenant record;
  v_existing_role text;
BEGIN
  IF (SELECT auth.uid()) IS DISTINCT FROM p_user_id THEN
    RAISE EXCEPTION 'Cannot accept invitation on behalf of another user';
  END IF;

  SELECT * INTO v_invitation
  FROM public.invitations
  WHERE token = p_token
    AND accepted_at IS NULL
    AND expires_at > now();

  IF NOT FOUND THEN
    -- Idempotency: a user clicking the same invite link twice (slow first
    -- click, second tab, etc.) should land in the workspace, not see an error.
    -- If the token exists at all and the caller already has a membership in
    -- that tenant, treat as success. Otherwise the token is genuinely invalid.
    SELECT i.tenant_id, m.role
      INTO v_invitation.tenant_id, v_existing_role
    FROM public.invitations i
    LEFT JOIN public.memberships m
      ON m.tenant_id = i.tenant_id AND m.user_id = p_user_id
    WHERE i.token = p_token;

    IF v_existing_role IS NOT NULL THEN
      SELECT * INTO v_tenant FROM public.tenants WHERE id = v_invitation.tenant_id;
      RETURN jsonb_build_object(
        'id', v_tenant.id,
        'name', v_tenant.name,
        'slug', v_tenant.slug,
        'role', v_existing_role,
        'already_member', true
      );
    END IF;

    RAISE EXCEPTION 'Invalid or expired invitation';
  END IF;

  INSERT INTO public.memberships (tenant_id, user_id, role)
  VALUES (v_invitation.tenant_id, p_user_id, v_invitation.role)
  ON CONFLICT (tenant_id, user_id) DO NOTHING;

  UPDATE public.invitations
  SET accepted_at = now()
  WHERE id = v_invitation.id;

  SELECT * INTO v_tenant FROM public.tenants WHERE id = v_invitation.tenant_id;

  RETURN jsonb_build_object(
    'id', v_tenant.id,
    'name', v_tenant.name,
    'slug', v_tenant.slug,
    'role', v_invitation.role
  );
END;
$function$;

REVOKE ALL ON FUNCTION public._internal_admin_complete_invitation(uuid, uuid) FROM anon;

CREATE FUNCTION public._internal_admin_create_invitation (
  p_user_id   uuid,
  p_tenant_id uuid,
  p_email     text,
  p_role      text
)
  RETURNS jsonb
  LANGUAGE plpgsql
  SECURITY DEFINER
  SET search_path TO ''
  AS $function$
DECLARE
  v_invitation record;
  v_tenant_name text;
  v_caller_role text;
  v_role_invitable boolean;
BEGIN
  IF (SELECT auth.uid()) IS DISTINCT FROM p_user_id THEN
    RAISE EXCEPTION 'Cannot create invitation on behalf of another user';
  END IF;

  -- Caller must hold invitation.create in the target tenant. We resolve the role
  -- from the actual membership row (DEFINER bypasses RLS) rather than trusting
  -- JWT claims — guards against stale claims for users with multiple tenants —
  -- and check it against role_permissions.
  SELECT role INTO v_caller_role
  FROM public.memberships
  WHERE tenant_id = p_tenant_id AND user_id = p_user_id;

  IF v_caller_role IS NULL THEN
    RAISE EXCEPTION 'Not a member of this tenant';
  END IF;

  IF NOT EXISTS (
    SELECT 1 FROM public.role_permissions
    WHERE role_name = v_caller_role
      AND permission_name = 'invitation.create'
  ) THEN
    RAISE EXCEPTION 'Your role does not permit creating invitations';
  END IF;

  -- The invited role must be marked invitable (default seed: 'owner' is not).
  SELECT invitable INTO v_role_invitable FROM public.roles WHERE name = p_role;
  IF v_role_invitable IS NULL THEN
    RAISE EXCEPTION 'Unknown role: %', p_role;
  ELSIF NOT v_role_invitable THEN
    RAISE EXCEPTION 'Role % cannot be assigned via invitation', p_role;
  END IF;

  INSERT INTO public.invitations (tenant_id, email, role, invited_by)
  VALUES (p_tenant_id, p_email, p_role, p_user_id)
  RETURNING * INTO v_invitation;

  SELECT name INTO v_tenant_name FROM public.tenants WHERE id = p_tenant_id;

  PERFORM api._admin_enqueue_task(
    'internal-invite-member',
    jsonb_build_object(
      'email', v_invitation.email,
      'token', v_invitation.token::text,
      'tenant_name', v_tenant_name
    )
  );

  RETURN jsonb_build_object(
    'id', v_invitation.id,
    'email', v_invitation.email,
    'role', v_invitation.role,
    'token', v_invitation.token,
    'expires_at', v_invitation.expires_at
  );
END;
$function$;

REVOKE ALL ON FUNCTION public._internal_admin_create_invitation(uuid, uuid, text, text) FROM anon;

CREATE FUNCTION public._internal_admin_create_tenant (
  p_user_id uuid,
  p_name    text,
  p_slug    text
)
  RETURNS uuid
  LANGUAGE plpgsql
  SECURITY DEFINER
  SET search_path TO ''
  AS $function$
DECLARE
  v_tenant_id uuid;
BEGIN
  IF (SELECT auth.uid()) IS DISTINCT FROM p_user_id THEN
    RAISE EXCEPTION 'Cannot create tenant on behalf of another user';
  END IF;

  INSERT INTO public.tenants (name, slug)
  VALUES (p_name, p_slug)
  RETURNING id INTO v_tenant_id;

  INSERT INTO public.memberships (tenant_id, user_id, role)
  VALUES (v_tenant_id, p_user_id, 'owner');

  RETURN v_tenant_id;
END;
$function$;

REVOKE ALL ON FUNCTION public._internal_admin_create_tenant(uuid, text, text) FROM anon;

CREATE FUNCTION public._internal_admin_get_secret (
  secret_name text
)
  RETURNS text
  LANGUAGE plpgsql
  SECURITY DEFINER
  SET search_path TO ''
  AS $function$
DECLARE
  secret_value text;
BEGIN
  SELECT decrypted_secret INTO secret_value
  FROM vault.decrypted_secrets
  WHERE name = secret_name
  LIMIT 1;

  RETURN secret_value;
END;
$function$;

REVOKE ALL ON FUNCTION public._internal_admin_get_secret(text) FROM anon;

REVOKE ALL ON FUNCTION public._internal_admin_get_secret(text) FROM authenticated;

CREATE FUNCTION public._internal_admin_handle_new_user()
  RETURNS trigger
  LANGUAGE plpgsql
  SECURITY DEFINER
  SET search_path TO ''
  AS $function$
DECLARE
  v_display_name text;
  v_organization_name text;
  v_tenant_name text;
  v_tenant_id uuid;
  v_slug_base text;
  v_slug text;
  v_has_pending_invite boolean;
BEGIN
  v_display_name := COALESCE(
    NEW.raw_user_meta_data->>'display_name',
    NEW.raw_user_meta_data->>'full_name',
    NEW.raw_user_meta_data->>'name',
    split_part(NEW.email, '@', 1)
  );

  -- Org name from the signup form (NULL for OAuth, admin-created users, or
  -- forms that don't collect it — fall back to the auto-generated name).
  v_organization_name := NULLIF(trim(NEW.raw_user_meta_data->>'organization_name'), '');

  -- Create profile (always — every user needs one)
  INSERT INTO public.profiles (id, email, display_name, avatar_url)
  VALUES (
    NEW.id,
    NEW.email,
    v_display_name,
    COALESCE(
      NEW.raw_user_meta_data->>'avatar_url',
      NEW.raw_user_meta_data->>'picture'
    )
  );

  -- A pending invite means the user is intentionally being routed to an
  -- existing workspace; don't auto-create a parallel personal one.
  v_has_pending_invite := EXISTS (
    SELECT 1 FROM public.invitations
    WHERE lower(email) = lower(NEW.email)
      AND accepted_at IS NULL
      AND expires_at > now()
  );

  -- Skip personal tenant creation for two reasons:
  --   1. invited_at IS NOT NULL → user was admin-invited via generateLink
  --   2. A pending workspace invitation is waiting for this email
  IF NEW.invited_at IS NULL AND NOT v_has_pending_invite THEN
    v_tenant_name := COALESCE(v_organization_name, v_display_name || '''s Workspace');

    -- Slugify the tenant name; fall back to email local-part if slugification
    -- produces an empty string (e.g. all non-ASCII characters).
    v_slug_base := trim(both '-' from regexp_replace(lower(v_tenant_name), '[^a-z0-9]+', '-', 'g'));
    IF v_slug_base = '' THEN
      v_slug_base := regexp_replace(lower(split_part(NEW.email, '@', 1)), '[^a-z0-9]', '-', 'g');
    END IF;
    v_slug := v_slug_base || '-' || substr(replace(gen_random_uuid()::text, '-', ''), 1, 8);

    INSERT INTO public.tenants (name, slug)
    VALUES (v_tenant_name, v_slug)
    RETURNING id INTO v_tenant_id;

    INSERT INTO public.memberships (tenant_id, user_id, role)
    VALUES (v_tenant_id, NEW.id, 'owner');
  END IF;

  RETURN NEW;
END;
$function$;

CREATE FUNCTION public._internal_admin_resend_invitation (
  p_user_id       uuid,
  p_invitation_id uuid
)
  RETURNS jsonb
  LANGUAGE plpgsql
  SECURITY DEFINER
  SET search_path TO ''
  AS $function$
DECLARE
  v_invitation record;
  v_tenant_name text;
  v_caller_role text;
BEGIN
  IF (SELECT auth.uid()) IS DISTINCT FROM p_user_id THEN
    RAISE EXCEPTION 'Cannot resend invitation on behalf of another user';
  END IF;

  SELECT * INTO v_invitation
  FROM public.invitations
  WHERE id = p_invitation_id
    AND accepted_at IS NULL
    AND expires_at > now();

  IF NOT FOUND THEN
    RAISE EXCEPTION 'Invitation not found or already accepted/expired';
  END IF;

  -- Permission gate: caller must be a tenant admin (invitation.create) of the
  -- invitation's tenant. Resolves from membership rows directly (bypassing RLS)
  -- to guard against stale JWT claims for users with multiple tenants.
  SELECT role INTO v_caller_role
  FROM public.memberships
  WHERE tenant_id = v_invitation.tenant_id AND user_id = p_user_id;

  IF v_caller_role IS NULL THEN
    RAISE EXCEPTION 'Not a member of this tenant';
  END IF;

  IF NOT EXISTS (
    SELECT 1 FROM public.role_permissions
    WHERE role_name = v_caller_role
      AND permission_name = 'invitation.create'
  ) THEN
    RAISE EXCEPTION 'Your role does not permit resending invitations';
  END IF;

  SELECT name INTO v_tenant_name FROM public.tenants WHERE id = v_invitation.tenant_id;

  PERFORM api._admin_enqueue_task(
    'internal-invite-member',
    jsonb_build_object(
      'email', v_invitation.email,
      'token', v_invitation.token::text,
      'tenant_name', v_tenant_name
    )
  );

  RETURN jsonb_build_object(
    'id', v_invitation.id,
    'email', v_invitation.email,
    'expires_at', v_invitation.expires_at
  );
END;
$function$;

REVOKE ALL ON FUNCTION public._internal_admin_resend_invitation(uuid, uuid) FROM anon;

CREATE FUNCTION public._internal_admin_set_session_tenant (
  p_user_id   uuid,
  p_tenant_id uuid,
  p_role      text
)
  RETURNS void
  LANGUAGE plpgsql
  SECURITY DEFINER
  SET search_path TO ''
  AS $function$
DECLARE
  v_session_id uuid;
BEGIN
  IF (SELECT auth.uid()) IS DISTINCT FROM p_user_id THEN
    RAISE EXCEPTION 'Cannot set session tenant for another user';
  END IF;

  -- Read session_id from the caller's signed JWT — auth.jwt() works inside
  -- SECURITY DEFINER because the request-level GUC (request.jwt.claims) is
  -- session state, not role-bound. Whatever session_id we read here is by
  -- construction the calling user's real session.
  v_session_id := NULLIF((SELECT auth.jwt()->>'session_id'), '')::uuid;
  IF v_session_id IS NULL THEN
    RAISE EXCEPTION 'No session — JWT is missing session_id';
  END IF;

  INSERT INTO public.session_tenants (session_id, user_id, tenant_id, tenant_role, updated_at)
  VALUES (v_session_id, p_user_id, p_tenant_id, p_role, now())
  ON CONFLICT (session_id) DO UPDATE
    SET tenant_id   = EXCLUDED.tenant_id,
        tenant_role = EXCLUDED.tenant_role,
        user_id     = EXCLUDED.user_id,  -- safety: rewrite user_id to caller's
        updated_at  = now();
END;
$function$;

REVOKE ALL ON FUNCTION public._internal_admin_set_session_tenant(uuid, uuid, text) FROM anon;

CREATE FUNCTION public._internal_admin_sync_session_tenants_on_membership()
  RETURNS trigger
  LANGUAGE plpgsql
  SECURITY DEFINER
  SET search_path TO ''
  AS $function$
BEGIN
  IF TG_OP = 'DELETE' THEN
    DELETE FROM public.session_tenants
    WHERE user_id = OLD.user_id
      AND tenant_id = OLD.tenant_id;
    RETURN OLD;
  ELSIF TG_OP = 'UPDATE' AND OLD.role IS DISTINCT FROM NEW.role THEN
    UPDATE public.session_tenants
    SET tenant_role = NEW.role,
        updated_at  = now()
    WHERE user_id = NEW.user_id
      AND tenant_id = NEW.tenant_id;
  END IF;
  RETURN NEW;
END;
$function$;

CREATE FUNCTION public.auth_has_access (
  p_permission text
)
  RETURNS boolean
  LANGUAGE sql
  STABLE
  SET search_path TO ''
  AS $function$
  SELECT public._auth_has_permission(p_permission);
$function$;

CREATE FUNCTION public.auth_verify_access (
  p_permission text
)
  RETURNS void
  LANGUAGE plpgsql
  STABLE
  SET search_path TO ''
  AS $function$
BEGIN
  IF NOT public._auth_has_permission(p_permission) THEN
    RAISE EXCEPTION 'Permission denied: %', p_permission
      USING
        ERRCODE = '42501',  -- insufficient_privilege → PostgREST HTTP 403
        DETAIL  = 'The active workspace role does not grant this permission.',
        HINT    = 'Required permission: ' || p_permission;
  END IF;
END;
$function$;

CREATE FUNCTION public.set_updated_at()
  RETURNS trigger
  LANGUAGE plpgsql
  SET search_path TO ''
  AS $function$
BEGIN
  NEW.updated_at = now();
  RETURN NEW;
END;
$function$;

CREATE TABLE public.invitations (
  id          uuid                     DEFAULT gen_random_uuid() NOT NULL,
  tenant_id   uuid                     NOT NULL,
  email       text                     NOT NULL,
  role        text                     DEFAULT 'member'::text NOT NULL,
  invited_by  uuid                     NOT NULL,
  token       uuid                     DEFAULT gen_random_uuid() NOT NULL,
  expires_at  timestamp with time zone DEFAULT (now() + '7 days'::interval) NOT NULL,
  accepted_at timestamp with time zone,
  created_at  timestamp with time zone DEFAULT now() NOT NULL
);

ALTER TABLE public.invitations
  ENABLE ROW LEVEL SECURITY;

ALTER TABLE public.invitations
  ADD CONSTRAINT invitations_invited_by_fkey FOREIGN KEY (invited_by) REFERENCES auth.users(id);

ALTER TABLE public.invitations
  ADD CONSTRAINT invitations_pkey PRIMARY KEY (id);

ALTER TABLE public.invitations
  ADD CONSTRAINT invitations_role_check CHECK (role <> 'owner'::text);

ALTER TABLE public.invitations
  ADD CONSTRAINT invitations_token_key UNIQUE (token);

CREATE INDEX idx_invitations_token ON public.invitations (token)
  WHERE accepted_at IS NULL;

CREATE INDEX idx_invitations_tenant_id ON public.invitations (tenant_id);

CREATE POLICY authorized_delete_invitations ON public.invitations
  FOR DELETE
  TO authenticated
  USING ((tenant_id = ( SELECT public._auth_tenant_id() AS _auth_tenant_id)));

CREATE POLICY authorized_read_invitations ON public.invitations
  FOR SELECT
  TO authenticated
  USING ((tenant_id = ( SELECT public._auth_tenant_id() AS _auth_tenant_id)));

CREATE TABLE public.memberships (
  id         uuid                     DEFAULT gen_random_uuid() NOT NULL,
  tenant_id  uuid                     NOT NULL,
  user_id    uuid                     NOT NULL,
  role       text                     DEFAULT 'member'::text NOT NULL,
  created_at timestamp with time zone DEFAULT now() NOT NULL
);

ALTER TABLE public.memberships
  ENABLE ROW LEVEL SECURITY;

ALTER TABLE public.memberships
  ADD CONSTRAINT memberships_pkey PRIMARY KEY (id);

ALTER TABLE public.memberships
  ADD CONSTRAINT memberships_tenant_id_user_id_key UNIQUE (tenant_id, user_id);

ALTER TABLE public.memberships
  ADD CONSTRAINT memberships_user_id_fkey FOREIGN KEY (user_id) REFERENCES auth.users(id)
    ON DELETE CASCADE;

CREATE INDEX idx_memberships_tenant_user ON public.memberships (tenant_id, user_id);

CREATE INDEX idx_memberships_user_id_created_at ON public.memberships (user_id, created_at);

CREATE TRIGGER trg_memberships_sync_session_tenants
  AFTER DELETE OR UPDATE ON public.memberships
  FOR EACH ROW
  EXECUTE FUNCTION public._internal_admin_sync_session_tenants_on_membership();

CREATE POLICY authorized_delete_memberships ON public.memberships
  FOR DELETE
  TO authenticated
  USING
    (((tenant_id = ( SELECT public._auth_tenant_id() AS _auth_tenant_id)) AND (user_id <> ( SELECT
    auth.uid() AS uid))));

CREATE POLICY authorized_insert_memberships ON public.memberships
  FOR INSERT
  TO authenticated
  WITH CHECK ((tenant_id = ( SELECT public._auth_tenant_id() AS _auth_tenant_id)));

CREATE POLICY authorized_update_memberships ON public.memberships
  FOR UPDATE
  TO authenticated
  USING
    (((tenant_id = ( SELECT public._auth_tenant_id() AS _auth_tenant_id)) AND (user_id <> ( SELECT
    auth.uid() AS uid))))
  WITH
    CHECK
    (((tenant_id = ( SELECT public._auth_tenant_id() AS _auth_tenant_id)) AND (user_id <> ( SELECT
    auth.uid() AS uid))));

CREATE POLICY members_read_memberships ON public.memberships
  FOR SELECT
  TO authenticated
  USING ((tenant_id = ( SELECT public._auth_tenant_id() AS _auth_tenant_id)));

CREATE POLICY users_read_own_memberships ON public.memberships
  FOR SELECT
  TO authenticated
  USING ((user_id = ( SELECT auth.uid() AS uid)));

CREATE TABLE public.permissions (
  name        text NOT NULL,
  description text
);

ALTER TABLE public.permissions
  ENABLE ROW LEVEL SECURITY;

ALTER TABLE public.permissions
  ADD CONSTRAINT permissions_pkey PRIMARY KEY (name);

REVOKE DELETE, INSERT, UPDATE ON public.permissions FROM anon;

REVOKE DELETE, INSERT, UPDATE ON public.permissions FROM authenticated;

GRANT SELECT ON public.permissions TO supabase_auth_admin;

CREATE POLICY authenticated_read_permissions ON public.permissions
  FOR SELECT
  TO authenticated
  USING (true);

CREATE TABLE public.profiles (
  id           uuid                     NOT NULL,
  email        text,
  display_name text,
  avatar_url   text,
  created_at   timestamp with time zone DEFAULT now() NOT NULL,
  updated_at   timestamp with time zone DEFAULT now() NOT NULL
);

ALTER TABLE public.profiles
  ENABLE ROW LEVEL SECURITY;

ALTER TABLE public.profiles
  ADD CONSTRAINT profiles_id_fkey FOREIGN KEY (id) REFERENCES auth.users(id) ON DELETE CASCADE;

ALTER TABLE public.profiles
  ADD CONSTRAINT profiles_pkey PRIMARY KEY (id);

CREATE TRIGGER trg_profiles_updated_at
  BEFORE UPDATE ON public.profiles
  FOR EACH ROW
  EXECUTE FUNCTION public.set_updated_at();

CREATE POLICY members_read_tenant_profiles ON public.profiles
  FOR SELECT
  TO authenticated
  USING ((id IN ( SELECT memberships.user_id
   FROM public.memberships
  WHERE (memberships.tenant_id = public._auth_tenant_id()))));

CREATE POLICY users_read_own_profile ON public.profiles
  FOR SELECT
  TO authenticated
  USING ((id = ( SELECT auth.uid() AS uid)));

CREATE POLICY users_update_own_profile ON public.profiles
  FOR UPDATE
  TO authenticated
  USING ((id = ( SELECT auth.uid() AS uid)));

CREATE TABLE public.role_permissions (
  role_name       text NOT NULL,
  permission_name text NOT NULL
);

ALTER TABLE public.role_permissions
  ENABLE ROW LEVEL SECURITY;

ALTER TABLE public.role_permissions
  ADD CONSTRAINT role_permissions_permission_name_fkey FOREIGN KEY (permission_name)
    REFERENCES public.permissions(name) ON UPDATE CASCADE ON DELETE CASCADE;

ALTER TABLE public.role_permissions
  ADD CONSTRAINT role_permissions_pkey PRIMARY KEY (role_name, permission_name);

REVOKE DELETE, INSERT, UPDATE ON public.role_permissions FROM anon;

REVOKE DELETE, INSERT, UPDATE ON public.role_permissions FROM authenticated;

GRANT SELECT ON public.role_permissions TO supabase_auth_admin;

CREATE INDEX idx_role_permissions_permission_name ON public.role_permissions (permission_name);

CREATE POLICY authenticated_read_role_permissions ON public.role_permissions
  FOR SELECT
  TO authenticated
  USING (true);

CREATE TABLE public.roles (
  name        text    NOT NULL,
  rank        integer NOT NULL,
  description text,
  invitable   boolean DEFAULT true NOT NULL
);

ALTER TABLE public.roles
  ENABLE ROW LEVEL SECURITY;

ALTER TABLE public.roles
  ADD CONSTRAINT roles_pkey PRIMARY KEY (name);

ALTER TABLE public.invitations
  ADD CONSTRAINT invitations_role_fkey FOREIGN KEY (role) REFERENCES public.roles(name)
    ON UPDATE CASCADE;

ALTER TABLE public.memberships
  ADD CONSTRAINT memberships_role_fkey FOREIGN KEY (role) REFERENCES public.roles(name)
    ON UPDATE CASCADE;

ALTER TABLE public.role_permissions
  ADD CONSTRAINT role_permissions_role_name_fkey FOREIGN KEY (role_name)
    REFERENCES public.roles(name) ON UPDATE CASCADE ON DELETE CASCADE;

REVOKE DELETE, INSERT, UPDATE ON public.roles FROM anon;

REVOKE DELETE, INSERT, UPDATE ON public.roles FROM authenticated;

GRANT SELECT ON public.roles TO supabase_auth_admin;

CREATE POLICY authenticated_read_roles ON public.roles
  FOR SELECT
  TO authenticated
  USING (true);

CREATE TABLE public.session_tenants (
  session_id  uuid                     NOT NULL,
  user_id     uuid                     NOT NULL,
  tenant_id   uuid                     NOT NULL,
  tenant_role text                     NOT NULL,
  updated_at  timestamp with time zone DEFAULT now() NOT NULL
);

ALTER TABLE public.session_tenants
  ENABLE ROW LEVEL SECURITY;

ALTER TABLE public.session_tenants
  ADD CONSTRAINT session_tenants_pkey PRIMARY KEY (session_id);

ALTER TABLE public.session_tenants
  ADD CONSTRAINT session_tenants_session_id_fkey FOREIGN KEY (session_id)
    REFERENCES auth.sessions(id) ON DELETE CASCADE;

ALTER TABLE public.session_tenants
  ADD CONSTRAINT session_tenants_tenant_role_fkey FOREIGN KEY (tenant_role)
    REFERENCES public.roles(name) ON UPDATE CASCADE;

ALTER TABLE public.session_tenants
  ADD CONSTRAINT session_tenants_user_id_fkey FOREIGN KEY (user_id) REFERENCES auth.users(id)
    ON DELETE CASCADE;

REVOKE DELETE, INSERT, UPDATE ON public.session_tenants FROM anon;

REVOKE DELETE, INSERT, UPDATE ON public.session_tenants FROM authenticated;

GRANT SELECT ON public.session_tenants TO supabase_auth_admin;

CREATE INDEX idx_session_tenants_tenant_id ON public.session_tenants (tenant_id);

CREATE INDEX idx_session_tenants_user_tenant ON public.session_tenants (user_id, tenant_id);

CREATE POLICY users_read_own_session_tenants ON public.session_tenants
  FOR SELECT
  TO authenticated
  USING ((user_id = ( SELECT auth.uid() AS uid)));

CREATE TABLE public.tenants (
  id         uuid                     DEFAULT gen_random_uuid() NOT NULL,
  name       text                     NOT NULL,
  slug       text                     NOT NULL,
  created_at timestamp with time zone DEFAULT now() NOT NULL,
  updated_at timestamp with time zone DEFAULT now() NOT NULL
);

ALTER TABLE public.tenants
  ENABLE ROW LEVEL SECURITY;

ALTER TABLE public.tenants
  ADD CONSTRAINT tenants_pkey PRIMARY KEY (id);

ALTER TABLE public.invitations
  ADD CONSTRAINT invitations_tenant_id_fkey FOREIGN KEY (tenant_id) REFERENCES public.tenants(id)
    ON DELETE CASCADE;

ALTER TABLE public.memberships
  ADD CONSTRAINT memberships_tenant_id_fkey FOREIGN KEY (tenant_id) REFERENCES public.tenants(id)
    ON DELETE CASCADE;

ALTER TABLE public.session_tenants
  ADD CONSTRAINT session_tenants_tenant_id_fkey FOREIGN KEY (tenant_id)
    REFERENCES public.tenants(id) ON DELETE CASCADE;

ALTER TABLE public.tenants
  ADD CONSTRAINT tenants_slug_key UNIQUE (slug);

CREATE TRIGGER trg_tenants_updated_at
  BEFORE UPDATE ON public.tenants
  FOR EACH ROW
  EXECUTE FUNCTION public.set_updated_at();

CREATE POLICY authorized_delete_tenant ON public.tenants
  FOR DELETE
  TO authenticated
  USING (( SELECT public._auth_is_tenant_member(tenants.id) AS _auth_is_tenant_member));

CREATE POLICY authorized_update_tenant ON public.tenants
  FOR UPDATE
  TO authenticated
  USING (( SELECT public._auth_is_tenant_member(tenants.id) AS _auth_is_tenant_member));

CREATE POLICY members_read_own_tenant ON public.tenants
  FOR SELECT
  TO authenticated
  USING (( SELECT public._auth_is_tenant_member(tenants.id) AS _auth_is_tenant_member));

-- ─────────────────────────────────────────────────────────────
-- Reference data (RBAC)
-- pg-delta plan emits DDL only — never table rows. The roles /
-- permissions / role_permissions lookup tables are seed data the
-- app depends on (signup's owner membership FKs into public.roles).
-- Extracted verbatim from _rbac.sql at regen time; idempotent via
-- the ON CONFLICT clauses carried in each statement.
-- ─────────────────────────────────────────────────────────────

INSERT INTO public.roles (name, rank, description, invitable) VALUES
  ('owner',  4, 'Full control of the workspace',                              false),
  ('admin',  3, 'Manage members, invite users, change settings',              true),
  ('member', 2, 'Standard access to workspace resources',                     true),
  ('viewer', 1, 'Read-only access',                                           true)
ON CONFLICT (name) DO NOTHING;

INSERT INTO public.permissions (name, description) VALUES
  ('tenant.update',     'Update workspace settings (name, slug)'),
  ('tenant.delete',     'Delete the workspace and all its data'),
  ('membership.read',   'See other members of the workspace'),
  ('membership.update', 'Change other members'' roles'),
  ('membership.delete', 'Remove members from the workspace'),
  ('invitation.create', 'Invite new members'),
  ('invitation.delete', 'Revoke pending invitations')
ON CONFLICT (name) DO NOTHING;

INSERT INTO public.role_permissions (role_name, permission_name) VALUES
  ('owner',  'tenant.update'),
  ('owner',  'tenant.delete'),
  ('owner',  'membership.read'),
  ('owner',  'membership.update'),
  ('owner',  'membership.delete'),
  ('owner',  'invitation.create'),
  ('owner',  'invitation.delete'),
  ('admin',  'tenant.update'),
  ('admin',  'membership.read'),
  ('admin',  'membership.update'),
  ('admin',  'membership.delete'),
  ('admin',  'invitation.create'),
  ('admin',  'invitation.delete'),
  ('member', 'membership.read'),
  ('viewer', 'membership.read')
ON CONFLICT (role_name, permission_name) DO NOTHING;

-- ─────────────────────────────────────────────────────────────
-- Post-setup operations
-- pg-delta plan filters out auth/cron/pgmq schemas. The statements
-- below depend on those schemas — appended manually here.
-- ─────────────────────────────────────────────────────────────

-- Queue for async tasks (pgmq.create is a function call, not DDL).
DO $$
BEGIN
  IF NOT EXISTS (
    SELECT 1 FROM pg_tables WHERE schemaname = 'pgmq' AND tablename = 'q_agentlink_tasks'
  ) THEN
    PERFORM pgmq.create('agentlink_tasks');
  END IF;
END $$;

-- Cron job for the queue worker (fires every minute as the safety net
-- to the immediate-invocation path in _admin_enqueue_task).
DO $$
BEGIN
  IF NOT EXISTS (SELECT 1 FROM cron.job WHERE jobname = 'process-stale-tasks') THEN
    PERFORM cron.schedule(
      'process-stale-tasks',
      '* * * * *',
      $cron$SELECT public._internal_admin_call_edge_function('internal-queue-worker')$cron$
    );
  END IF;
END $$;

-- Trigger on auth.users — runs after signup to create the profile row +
-- handle pending workspace invitations.
DROP TRIGGER IF EXISTS trg_auth_users_new_user ON auth.users;
CREATE TRIGGER trg_auth_users_new_user
  AFTER INSERT ON auth.users
  FOR EACH ROW EXECUTE FUNCTION public._internal_admin_handle_new_user();

-- supabase_auth_admin (the GoTrue auth service role) needs USAGE on the
-- public schema to execute the _hook_* functions it calls during signup and
-- email flows. Supabase pre-grants public USAGE to postgres/anon/
-- authenticated/service_role but NOT to supabase_auth_admin, and this
-- script's platform-default strip (the broad "GRANT USAGE ON SCHEMA public"
-- rule in STRIP_PATTERNS) drops it from pg-delta's plan — so re-assert it
-- here. Without it a migration-built DB diverges from a db-apply-built one
-- (the drift guard flags exactly this). Idempotent.
GRANT USAGE ON SCHEMA public TO supabase_auth_admin;

-- Lock down the api._admin_* SECURITY DEFINER functions to service_role.
--
-- These bypass RLS and have no auth_verify_access guard — they're meant to
-- be called only by trusted server-side code (edge functions via the
-- service role). They live in the api schema, which IS exposed via
-- PostgREST, so a stray client grant is directly reachable.
--
-- WHY THIS IS HERE AND NOT IN THE pg-delta PLAN: Postgres grants EXECUTE to
-- PUBLIC by default on every new function. The declarative schemas
-- (_admin_queues.sql) revoke that with an explicit
-- "REVOKE ALL ... FROM PUBLIC, anon, authenticated", but pg-delta's plan
-- does NOT model the built-in PUBLIC default grant — it only emits
-- "REVOKE ... FROM authenticated" and leaves the implicit PUBLIC grant in
-- place. anon/authenticated are members of PUBLIC, so without this block a
-- migration-built DB (fresh prod via db push) would leave these privileged
-- functions anon-callable, diverging from a db-apply-built dev DB. Re-assert
-- the full revoke here so both paths converge. REVOKE is idempotent.
REVOKE ALL ON FUNCTION api._admin_enqueue_task(text, jsonb, integer) FROM PUBLIC, anon, authenticated;
REVOKE ALL ON FUNCTION api._admin_queue_read(integer, integer) FROM PUBLIC, anon, authenticated;
REVOKE ALL ON FUNCTION api._admin_queue_delete(bigint) FROM PUBLIC, anon, authenticated;
REVOKE ALL ON FUNCTION api._admin_queue_archive(bigint) FROM PUBLIC, anon, authenticated;

-- ── Table privileges on public.* (Supabase 2026 default change) ──────────────
--
-- Supabase no longer auto-grants SELECT/INSERT/UPDATE/DELETE to
-- anon/authenticated/service_role on new public tables. AgentLink's api.*
-- RPCs are SECURITY INVOKER, so they touch these tables AS the caller —
-- without these grants every RPC fails with "permission denied for table …".
-- RLS still gates rows, and public is not exposed via the Data API, so these
-- grants don't widen the REST surface. anon is omitted (anon-facing RPCs are
-- SECURITY DEFINER).
--
-- WHY THIS IS HERE AND NOT IN THE pg-delta PLAN (same reason as the REVOKEs
-- above): pg-delta's --integration supabase assumes the OLD default — that
-- anon/authenticated/service_role already hold full DML on public tables — so
-- it only emits DEVIATIONS (the rbac/session_tenants REVOKEs) and never the
-- base grants. Local Supabase images still apply the old default, so a
-- db-apply-built dev DB has these grants regardless; a migration-built DB on a
-- NEW-default cloud project would not. Re-assert the final desired state here
-- so both paths converge. GRANT is idempotent. Kept in sync with the GRANT
-- lines in supabase/schemas/public/{multitenancy,profiles,_rbac}.sql.
GRANT SELECT, INSERT, UPDATE, DELETE ON public.tenants       TO authenticated, service_role;
GRANT SELECT, INSERT, UPDATE, DELETE ON public.memberships   TO authenticated, service_role;
GRANT SELECT, INSERT, UPDATE, DELETE ON public.invitations   TO authenticated, service_role;
GRANT SELECT, INSERT, UPDATE, DELETE ON public.profiles      TO authenticated, service_role;
-- Reference + session tables: service_role gets full DML (it seeds / writes via
-- DEFINER helpers); authenticated is read-only (matches the schema REVOKEs).
GRANT SELECT, INSERT, UPDATE, DELETE ON public.roles            TO service_role;
GRANT SELECT, INSERT, UPDATE, DELETE ON public.permissions      TO service_role;
GRANT SELECT, INSERT, UPDATE, DELETE ON public.role_permissions TO service_role;
GRANT SELECT, INSERT, UPDATE, DELETE ON public.session_tenants  TO service_role;
GRANT SELECT ON public.roles, public.permissions, public.role_permissions, public.session_tenants TO authenticated;
